ERJ140,1A,ECONOMY,WINDOW
ERJ140,1C,ECONOMY,ISLE
ERJ140,1D,ECONOMY,ISLE
ERJ140,1F,ECONOMY,WINDOW
ERJ140,2A,ECONOMY,WINDOW
ERJ140,2C,ECONOMY,ISLE
ERJ140,2D,ECONOMY,ISLE
ERJ140,2F,ECONOMY,WINDOW
ERJ140,3A,ECONOMY,WINDOW
ERJ140,3C,ECONOMY,ISLE
ERJ140,3D,ECONOMY,ISLE
ERJ140,3F,ECONOMY,WINDOW
ERJ140,4A,ECONOMY,WINDOW
ERJ140,4C,ECONOMY,ISLE
ERJ140,4D,ECONOMY,ISLE
ERJ140,4F,ECONOMY,WINDOW
ERJ140,5A,ECONOMY,WINDOW
ERJ140,5C,ECONOMY,ISLE
ERJ140,5D,ECONOMY,ISLE
ERJ140,5F,ECONOMY,WINDOW
ERJ140,6A,ECONOMY,WINDOW
ERJ140,6C,ECONOMY,ISLE
ERJ140,6D,ECONOMY,ISLE
ERJ140,6F,ECONOMY,WINDOW
ERJ140,7A,ECONOMY,WINDOW
ERJ140,7C,ECONOMY,ISLE
ERJ140,7D,ECONOMY,ISLE
ERJ140,7F,ECONOMY,WINDOW
ERJ140,8A,ECONOMY,WINDOW
ERJ140,8C,ECONOMY,ISLE
ERJ140,8D,ECONOMY,ISLE
ERJ140,8F,ECONOMY,WINDOW
ERJ140,9A,ECONOMY,WINDOW
ERJ140,9C,ECONOMY,ISLE
ERJ140,9D,ECONOMY,ISLE
ERJ140,9F,ECONOMY,WINDOW
ERJ140,10A,ECONOMY,WINDOW
ERJ140,10C,ECONOMY,ISLE
ERJ140,10D,ECONOMY,ISLE
ERJ140,10F,ECONOMY,WINDOW
ERJ140,11A,ECONOMY,WINDOW
ERJ140,11C,ECONOMY,ISLE
ERJ140,11D,ECONOMY,ISLE
ERJ140,11F,ECONOMY,WINDOW